filename,category,set
me3uqlixjn.jpg,0,train
5c0vsrdtpq.jpg,0,train
swixut5b3l.jpg,0,train
m0eqa926lo.jpg,0,train
5jr6x2y9p8.jpg,0,valid
9y7sv8xqc2.jpg,0,train
nzt9hr5se2.jpg,0,train
niky1zwp74.jpg,0,valid
3jdlrqgcz4.jpg,0,train
m4dtjfyu0w.jpg,0,train
utg5o0ih6z.jpg,1,train
lqm4f15bdw.jpg,1,train
h8q6mjt0kd.jpg,1,train
s63th18doy.jpg,1,train
gr8hxnsmju.jpg,1,valid
x96ckwmedv.jpg,1,train
7m94tnvze5.jpg,1,train
98uhpvlfni.jpg,1,valid
iyu1mzhdce.jpg,1,train
hfyk9wvsxa.jpg,1,train
jhe6u5mwp2.jpg,2,train
h5bx9jv63s.jpg,2,train
wx8no1cjyk.jpg,2,train
ja9crqih30.jpg,2,train
dpz5aoh7k2.jpg,2,valid
zcjqhoyiun.jpg,2,train
6f7kg94lr3.jpg,2,train
j6qpndl9ts.jpg,2,valid
ugbyf48nv9.jpg,2,train
1h5kftvwp8.jpg,2,train
63xtqlbvyz.jpg,3,train
um1hgs7kd2.jpg,3,train
3displcbjm.jpg,3,train
ibtero3ms6.jpg,3,train
96w1lsatxu.jpg,3,valid
or1wgu27ev.jpg,3,train
igj8um9nbf.jpg,3,train
uxjqrhm8gi.jpg,3,valid
kswn13567i.jpg,3,train
6dt372ph9b.jpg,3,train
ecdlfj85aq.jpg,4,train
jmlezkuxg7.jpg,4,train
lhgy7afrkz.jpg,4,train
s9iq8lnv3h.jpg,4,train
j7xdriveow.jpg,4,valid
oyhrqla1dg.jpg,4,train
nr29ga6uws.jpg,4,train
4gju5wsr3a.jpg,4,valid
ivxu4fwkc5.jpg,4,train
zbehxidyv0.jpg,4,train
mo8gw4rhsx.jpg,5,train
ae7udy4p59.jpg,5,train
egpvrou3d7.jpg,5,train
aqkgo7b3cn.jpg,5,train
m8hyiojxws.jpg,5,valid
f38ismvaw9.jpg,5,train
bm2detzing.jpg,5,train
i4yt8j7bgl.jpg,5,valid
nsgd5kwh4x.jpg,5,train
n1gapuosf4.jpg,5,train
c1h5r96ls8.jpg,6,train
y058cohfkg.jpg,6,train
5yp3tnqvcd.jpg,6,train
xf89pjd62o.jpg,6,train
cbinfhqu52.jpg,6,valid
kzd9l6rsop.jpg,6,train
p8vfo5jxhi.jpg,6,train
gfhsr02ijw.jpg,6,valid
oubn0i65fw.jpg,6,train
pvf8oy7gm0.jpg,6,train
nilxap196t.jpg,7,train
q015k3zh6i.jpg,7,train
mhjtwade1g.jpg,7,train
m5adzh1bni.jpg,7,train
odkh4zs8e3.jpg,7,valid
zhg3nvpq5b.jpg,7,train
2sw6jh5c9g.jpg,7,train
q64mcxwlge.jpg,7,valid
gtwmer0l4n.jpg,7,train
e5yusoh287.jpg,7,train
a2z57xc4jf.jpg,8,train
xh8t01rafv.jpg,8,train
43q6y7vh2j.jpg,8,train
sberz5dlxf.jpg,8,train
16p7w48agz.jpg,8,valid
8si0wlpuk1.jpg,8,train
wf2gj6947t.jpg,8,train
qgahf5x8mk.jpg,8,valid
mgn81z9kc3.jpg,8,train
5hykev6s9f.jpg,8,train
qa1hdxrlu5.jpg,9,train
ar38hlz16g.jpg,9,train
uqyjgihwp4.jpg,9,train
vlzs3ih1yg.jpg,9,train
onbzlwsvxg.jpg,9,valid
bkmc3ufr4d.jpg,9,train
8xbjve4m96.jpg,9,train
5t0c9zgjni.jpg,9,valid
l58m62qant.jpg,9,train
rgcyuwftmp.jpg,9,train
ktx1327qoy.jpg,10,train
xc0es58hml.jpg,10,train
8b7fj6cqh2.jpg,10,train
nkhys6mdgz.jpg,10,train
xmlwrj5pq1.jpg,10,valid
9y5g7hs28o.jpg,10,train
p0217wde3i.jpg,10,train
ent5160voj.jpg,10,valid
dnkx23t4l0.jpg,10,train
a7e0ohzlr4.jpg,10,train
edqpj7lc9w.jpg,11,train
t6un7lvw3y.jpg,11,train
igs1wo7qkj.jpg,11,train
v84esc5hwq.jpg,11,train
bgwtk4fx1y.jpg,11,valid
agj4spqzex.jpg,11,train
bj9tr08eoi.jpg,11,train
jvz2i3gnt1.jpg,11,valid
fikgmoh8qe.jpg,11,train
bpa2gctuoy.jpg,11,train
ch6am7ox8b.jpg,12,train
smhd3q9uj7.jpg,12,train
4gdkj7sivu.jpg,12,train
1y8v9uoerm.jpg,12,train
0e1u74idof.jpg,12,valid
wkq2cxavj0.jpg,12,train
43reufjtbk.jpg,12,train
6y2g4zn701.jpg,12,valid
ek04buavnw.jpg,12,train
9hpl18m5sv.jpg,12,train
7vj8cfwtgz.jpg,13,train
9pkz40oquj.jpg,13,train
hrc97on1zx.jpg,13,train
l4eh56vxm1.jpg,13,train
au51dlkvj8.jpg,13,valid
tg54hnrxdp.jpg,13,train
8qxyeg4dmn.jpg,13,train
ominlbqhz6.jpg,13,valid
gx30a61mz2.jpg,13,train
utsd5lnm0y.jpg,13,train
gh1alfj0np.jpg,14,train
uj3hz6dtg9.jpg,14,train
g4h79n0pte.jpg,14,train
52b4z9ls37.jpg,14,train
pb39vfweix.jpg,14,valid
w27nmkfge3.jpg,14,train
nf86kzmo5j.jpg,14,train
jdgiuf2atv.jpg,14,valid
qd1hiyl45j.jpg,14,train
u6cfite01s.jpg,14,train
o0s1ywk9x5.jpg,15,train
glncqif729.jpg,15,train
2tnuikdfbp.jpg,15,train
1l4enr6axm.jpg,15,train
n6btglxu8v.jpg,15,valid
3jpy6cmnbr.jpg,15,train
ruejingktz.jpg,15,train
ms8jy9hgi5.jpg,15,valid
9xtuim10gj.jpg,15,train
whaqlx8tuz.jpg,15,train
sekagzlnuf.jpg,16,train
r81kif79xg.jpg,16,train
4i9kj51xro.jpg,16,train
14j7cbrunh.jpg,16,train
cmxpdeq2y0.jpg,16,valid
kyj39i1n7r.jpg,16,train
hbt1u8cgqi.jpg,16,train
eflc59auo1.jpg,16,valid
gpbcinw462.jpg,16,train
pelt745osz.jpg,16,train
gbrkmywx7t.jpg,17,train
djwx65nypa.jpg,17,train
6lcuzxyb7j.jpg,17,train
1enqlvtxo6.jpg,17,train
ntgosahmjl.jpg,17,valid
8lgh6tnrmf.jpg,17,train
y81b3dms5n.jpg,17,train
j1yso54hl7.jpg,17,valid
n87lkiq301.jpg,17,train
4uj97trdgs.jpg,17,train
qz563hux0b.jpg,18,train
mo27d49lrn.jpg,18,train
xs71ci35m6.jpg,18,train
ojxnaeclv9.jpg,18,train
dupnmqae62.jpg,18,valid
yg6z4fxb8d.jpg,18,train
swa205jyun.jpg,18,train
rowl27bhk0.jpg,18,valid
w045gb1xus.jpg,18,train
0kv8j7wohr.jpg,18,train
8bsn9wyqhv.jpg,19,train
2l3yac8t0h.jpg,19,train
wtfimkcv8u.jpg,19,train
q8v6mupkbz.jpg,19,train
2hydouif75.jpg,19,valid
xcu6ijgktv.jpg,19,train
40j5ksl7om.jpg,19,train
r8yq5o2teh.jpg,19,valid
kwcdlxb4q1.jpg,19,train
49knz0j8e1.jpg,19,train
1lebnyzs98.jpg,20,train
g8oxv0picu.jpg,20,train
8uamro2nch.jpg,20,train
dzwupx3lsb.jpg,20,train
1obsiaeh65.jpg,20,valid
mngu7kwiat.jpg,20,train
7bd5rgnem3.jpg,20,train
pokuc62eyf.jpg,20,valid
duc9o38q67.jpg,20,train
frajd51omh.jpg,20,train
kut80e51cl.jpg,21,train
5epn0r2dtx.jpg,21,train
lja6bvp21x.jpg,21,train
s3ckja17tw.jpg,21,train
a87q3bepnj.jpg,21,valid
nbmtws1pko.jpg,21,train
8r2bdnhsm5.jpg,21,train
pxzfdtqso4.jpg,21,valid
3swmn4zuv0.jpg,21,train
6sp0wd7hk3.jpg,21,train
s64tl5bnk7.jpg,22,train
macyh4zvdb.jpg,22,train
oqcu2nfrt3.jpg,22,train
t4n0gb5fqd.jpg,22,train
n41d2pwqvb.jpg,22,valid
3dzgvj45fl.jpg,22,train
a1pr5fntdq.jpg,22,train
or3pey6xi0.jpg,22,valid
zna1vob5ke.jpg,22,train
7pcasxfwe6.jpg,22,train
eiomujzwpc.jpg,23,train
nmcjeovyh0.jpg,23,train
67fmhwzi3n.jpg,23,train
10mkbruhvi.jpg,23,train
8yqvnu10tf.jpg,23,valid
zhdp3y8mq0.jpg,23,train
403kzd58gw.jpg,23,train
vagjs43dwb.jpg,23,valid
2w89rtl7jd.jpg,23,train
53vntake08.jpg,23,train
kxlvwfoyq5.jpg,24,train
6b8kanr4cw.jpg,24,train
whmaysji28.jpg,24,train
g0qr15bjsc.jpg,24,train
re3fbzd9pg.jpg,24,valid
eftr73k51n.jpg,24,train
o4kcesbh1d.jpg,24,train
n5qhsfoke6.jpg,24,valid
w0jr43t62f.jpg,24,train
cvq3kjy812.jpg,24,train
gmu5bwcd98.jpg,25,train
1r2305vbfi.jpg,25,train
4keqwaotvy.jpg,25,train
he5gjk6m3p.jpg,25,train
bzkli15mp3.jpg,25,valid
kf680wgzpe.jpg,25,train
rtuzqw2ekb.jpg,25,train
abn7swh58l.jpg,25,valid
ukjvo7164e.jpg,25,train
xq3klre8yn.jpg,25,train
kjo1np6xz2.jpg,26,train
c94qdzx2r0.jpg,26,train
qy079laemw.jpg,26,train
byil0spw34.jpg,26,train
zmhtnic29s.jpg,26,valid
c4dvmbg71f.jpg,26,train
nteihj0byr.jpg,26,train
6biot3hemn.jpg,26,valid
7v3tgx4bd5.jpg,26,train
y214qicd3x.jpg,26,train
rl6ybks15a.jpg,27,train
dp0mcb54wo.jpg,27,train
ox015ptw9v.jpg,27,train
mv48pxaun7.jpg,27,train
kgbl0y6c41.jpg,27,valid
5cdyhl23ps.jpg,27,train
4oxyaepql1.jpg,27,train
8ju6wbpc97.jpg,27,valid
27zahs4k9l.jpg,27,train
w2v9tap7iz.jpg,27,train
9tex4p2aj8.jpg,28,train
d12cymg8fo.jpg,28,train
p6bfo49zkh.jpg,28,train
7dwz1uabrq.jpg,28,train
zi1nx5rjwb.jpg,28,valid
ecakwboqv9.jpg,28,train
utayink7ez.jpg,28,train
87vbakz9gw.jpg,28,valid
j05ykuc2ed.jpg,28,train
1xlq475kg9.jpg,28,train
yl2mo8edt1.jpg,29,train
rs0h2nfg7o.jpg,29,train
wsgdbiz3ku.jpg,29,train
9saepkyoud.jpg,29,train
9p7hk5js3m.jpg,29,valid
z1inxcdtpv.jpg,29,train
57ws9uc8oz.jpg,29,train
rekq6fbugl.jpg,29,valid
grlqzhnyok.jpg,29,train
m3vsygqwbh.jpg,29,train
sfpl27c5ug.jpg,30,train
od8j3pyxl6.jpg,30,train
k4usoziyq3.jpg,30,train
sopc278369.jpg,30,train
zxa49ovwe3.jpg,30,valid
0vq9ct7mg1.jpg,30,train
5qh0iegw38.jpg,30,train
psl082idhm.jpg,30,valid
xstdcqruzm.jpg,30,train
fcailxtgyh.jpg,30,train
264zmpgj5h.jpg,31,train
nur7dmye49.jpg,31,train
2s03zy8k5x.jpg,31,train
su4akigqpr.jpg,31,train
hprzm6g2l4.jpg,31,valid
1alfpuo7wx.jpg,31,train
cr9m2pteoy.jpg,31,train
d7qktgcmp0.jpg,31,valid
c9s8mk7qb1.jpg,31,train
uswt82c3f7.jpg,31,train
kqx3vzt0d1.jpg,32,train
e24wptzk3g.jpg,32,train
d86mo41piu.jpg,32,train
hn7yg9elbj.jpg,32,train
1dyz2gk7br.jpg,32,valid
0li9wram6f.jpg,32,train
e10ftm364s.jpg,32,train
jyqmzv45nb.jpg,32,valid
72isl14kn9.jpg,32,train
rtuza85pdn.jpg,32,train
nfbtawq1ol.jpg,33,train
qplfwcjk5s.jpg,33,train
d4jbnrxowm.jpg,33,train
5h27wke0v6.jpg,33,train
m0yqtdbjgv.jpg,33,valid
s2zpq4ijhw.jpg,33,train
uin30jloy8.jpg,33,train
2eths8c9vn.jpg,33,valid
m0e3nis9vp.jpg,33,train
fwihzlqe7b.jpg,33,train
x3cvawts9r.jpg,34,train
l4x3916bvg.jpg,34,train
oatgn21muv.jpg,34,train
mv6bwf7rj9.jpg,34,train
0yfkw35h1m.jpg,34,valid
4d0xa5yg38.jpg,34,train
rzp8oct4hl.jpg,34,train
n9qfsec5mb.jpg,34,valid
pqexflu046.jpg,34,train
n6x5ezfiu3.jpg,34,train
qjem058p2r.jpg,35,train
9gdj4pk5t2.jpg,35,train
8mp2y0n5gf.jpg,35,train
v6nrahw5xf.jpg,35,train
ixgph4yve8.jpg,35,valid
zjf9rqgxu0.jpg,35,train
arqzi9ojyu.jpg,35,train
jt0sfa4wz8.jpg,35,valid
fxkjmy27s1.jpg,35,train
ztm78n2l6g.jpg,35,train
0kdx4m6jav.jpg,36,train
m67ainphvk.jpg,36,train
8m0rwzjbht.jpg,36,train
qnwsrv7xbj.jpg,36,train
pd368gxnhf.jpg,36,valid
pnj5gk84yt.jpg,36,train
k43o7mg5qj.jpg,36,train
keh6g5lasq.jpg,36,valid
vdsxg6mu2c.jpg,36,train
0txhk2rbud.jpg,36,train
mev1gotzfy.jpg,37,train
tel124nj6s.jpg,37,train
2pns8ayv31.jpg,37,train
it147s2axc.jpg,37,train
dnlfqi2oxu.jpg,37,valid
5pdmtfbclk.jpg,37,train
3kpfvoexgm.jpg,37,train
a1mxo96lnr.jpg,37,valid
3c76hjmz0s.jpg,37,train
p3u9d6hnct.jpg,37,train
cn7mhqkb39.jpg,38,train
op15mqifrx.jpg,38,train
ew4it5ofly.jpg,38,train
lvk5f426zp.jpg,38,train
v907h3oy5m.jpg,38,valid
gnq2s8olrz.jpg,38,train
vfrmch3qp2.jpg,38,train
xpwsfu178t.jpg,38,valid
2ir0kwam6n.jpg,38,train
9asthwiouk.jpg,38,train
9lm34anut8.jpg,39,train
751qgzdves.jpg,39,train
cquods1her.jpg,39,train
zlpef0vcos.jpg,39,train
j3yeqihsmw.jpg,39,valid
vyd7npghlo.jpg,39,train
6wh7ygoqis.jpg,39,train
72auvi8oye.jpg,39,valid
mzvitn8loc.jpg,39,train
jdlvzi6w70.jpg,39,train
9aczodugf4.jpg,40,train
jr4co1upx6.jpg,40,train
zmlvxb7ki0.jpg,40,train
frvu65iwbj.jpg,40,train
kro9c8vm13.jpg,40,valid
ylacr28jqn.jpg,40,train
3762cgkobs.jpg,40,train
ma9yv2sjxt.jpg,40,valid
4xpa0elowt.jpg,40,train
brhtju6dwl.jpg,40,train
uxp3h518go.jpg,41,train
y86keuj5ox.jpg,41,train
r4st9vf7lg.jpg,41,train
tk7mqp6rl0.jpg,41,train
nvrui6zx51.jpg,41,valid
meu0khftby.jpg,41,train
rx9av5y4zw.jpg,41,train
n817licgxt.jpg,41,valid
vu1synr2ld.jpg,41,train
084dzytmfe.jpg,41,train
styl072zag.jpg,42,train
2cihfpdmx3.jpg,42,train
pab2fg95dj.jpg,42,train
lynqizp3rt.jpg,42,train
5qo6s08m94.jpg,42,valid
egb3lao857.jpg,42,train
eo17mysb5a.jpg,42,train
5hezj6917n.jpg,42,valid
j8l7rb6x2d.jpg,42,train
9qrse3z2pc.jpg,42,train
pmrq7iwv2k.jpg,43,train
oj3qmpkhzf.jpg,43,train
0tcrqbus31.jpg,43,train
g4fmwbo16c.jpg,43,train
9cnwe1lij6.jpg,43,valid
khoba54v1q.jpg,43,train
vi7remahxq.jpg,43,train
310fyoh8jx.jpg,43,valid
a7qzs8ct4u.jpg,43,train
h36xio2yun.jpg,43,train
xch35mq6yf.jpg,44,train
82yvo75zqx.jpg,44,train
54tsmdypza.jpg,44,train
ni1sq4btro.jpg,44,train
relcin6j3q.jpg,44,valid
vcrak19nhq.jpg,44,train
rjk1pd2izt.jpg,44,train
83labsnow2.jpg,44,valid
3v4ja9rkuo.jpg,44,train
dsm74x9upy.jpg,44,train
nurf8e7516.jpg,45,train
c5arzvbl9o.jpg,45,train
g6dau8wo5z.jpg,45,train
w9cspv37qg.jpg,45,train
qij1df2b53.jpg,45,valid
5isz8tmbnc.jpg,45,train
ou4cftbxn8.jpg,45,train
ixz2fmh8bw.jpg,45,valid
9ysu1fcodk.jpg,45,train
gjno8qrtpk.jpg,45,train
l0xoj3eqzt.jpg,46,train
x839okpsr2.jpg,46,train
lqjo87mrhb.jpg,46,train
iknats6ufx.jpg,46,train
3rshz5gvja.jpg,46,valid
gcwujzvh28.jpg,46,train
pm3d4c1qhn.jpg,46,train
qc48w9znxk.jpg,46,valid
b6nd7w49yu.jpg,46,train
ivtnzhrdlu.jpg,46,train
1moguienbk.jpg,47,train
ka73bvsgw4.jpg,47,train
6co70z981h.jpg,47,train
qtb85i3wfx.jpg,47,train
dmnkrj3wsy.jpg,47,valid
h2qk0uiwxf.jpg,47,train
lv21x7bruh.jpg,47,train
nmphylx1id.jpg,47,valid
p78ksv2rdf.jpg,47,train
40pzc6lty3.jpg,47,train
y72lj3tbc5.jpg,48,train
5dmrv1yecq.jpg,48,train
y1p5g8hsq6.jpg,48,train
o1unmk6lqh.jpg,48,train
6ckta9lzo7.jpg,48,valid
crbfd3hi0o.jpg,48,train
8apt9hu4rs.jpg,48,train
p8u5ric2ht.jpg,48,valid
ge18s4wp56.jpg,48,train
w1kuy2fi6o.jpg,48,train
u9s8e1m4z0.jpg,49,train
46xw80hkz1.jpg,49,train
510lwubih8.jpg,49,train
lnscbdo90j.jpg,49,train
o6tahpz3nb.jpg,49,valid
eto5s6pck3.jpg,49,train
hfe7rqdu52.jpg,49,train
qm30pdhwvr.jpg,49,valid
02sx9ijfd6.jpg,49,train
xsw9qv0oy5.jpg,49,train
f68z915x40.jpg,50,train
sf3y7lnarm.jpg,50,train
sq4jl1xibn.jpg,50,train
lb6875n0f1.jpg,50,train
lqr413wijh.jpg,50,valid
d2xcprsjmq.jpg,50,train
widmh6usgb.jpg,50,train
efwqhkrutj.jpg,50,valid
xvu7ysbajn.jpg,50,train
5tebim3lx2.jpg,50,train
vmxw570c8t.jpg,51,train
4vd5cjpnm2.jpg,51,train
es6thuqfb3.jpg,51,train
u7lfe2nsim.jpg,51,train
1dx8hjnbgf.jpg,51,valid
mh8voqnc2i.jpg,51,train
49mgbl6kjf.jpg,51,train
eznm5d8y2k.jpg,51,valid
gu39d8ealw.jpg,51,train
0s8dp7i69a.jpg,51,train
umdhk3iab4.jpg,52,train
ekrsxihf6w.jpg,52,train
7kl2efju0z.jpg,52,train
91vtr5q8yw.jpg,52,train
jzskmofc6p.jpg,52,valid
7omu1phtfw.jpg,52,train
vojkqzr2i5.jpg,52,train
xe5f8blhdq.jpg,52,valid
ntz4yoiq0b.jpg,52,train
ldkg08m549.jpg,52,train
itb01ryodm.jpg,53,train
bwzex3s1nh.jpg,53,train
4hef09wsd1.jpg,53,train
72k0v5cjox.jpg,53,train
7acoxuz95y.jpg,53,valid
gl1iujwoc3.jpg,53,train
5zalsobc97.jpg,53,train
uhqz65x7ia.jpg,53,valid
zft9e6qnu0.jpg,53,train
tq5gae4sb3.jpg,53,train
12ish7g0zt.jpg,54,train
32fzagoneb.jpg,54,train
u8si09zra5.jpg,54,train
szedxk2m39.jpg,54,train
3imr5hlfp6.jpg,54,valid
typ2q9sw0b.jpg,54,train
tfxsw93hp0.jpg,54,train
g8f2c0m4lk.jpg,54,valid
yrucdahpm5.jpg,54,train
sz01dmrnew.jpg,54,train
pov7d2may6.jpg,55,train
vocu0iw7hm.jpg,55,train
zy9m06bhgl.jpg,55,train
by0ok4fxzl.jpg,55,train
c9l7ifzox6.jpg,55,valid
gbr8o6p2zs.jpg,55,train
qdrlfpt8gn.jpg,55,train
1hm8ijb0vk.jpg,55,valid
zdy20axn9i.jpg,55,train
remdslgt0u.jpg,55,train
vltg65hypb.jpg,56,train
24exlyszi1.jpg,56,train
m0hakzd8ub.jpg,56,train
0a7yscrh49.jpg,56,train
fot93imz1j.jpg,56,valid
2j8bxnh640.jpg,56,train
x6ijkeatn8.jpg,56,train
ghk6ds48ma.jpg,56,valid
i723kbzohc.jpg,56,train
n1iaerlzt0.jpg,56,train
k2q6us3z17.jpg,57,train
yscl65wze4.jpg,57,train
sguq8n5mr4.jpg,57,train
vnk0aqg3w8.jpg,57,train
gtzbudeivx.jpg,57,valid
ydb9vfk8oe.jpg,57,train
sk3rb1in7f.jpg,57,train
t26js3x1oe.jpg,57,valid
i4txfn51vc.jpg,57,train
1ic9ys5fem.jpg,57,train
h64sxmupyk.jpg,58,train
b68loqufk1.jpg,58,train
9lcrqfjb5h.jpg,58,train
d1bups6jy7.jpg,58,train
73ye0lkw1g.jpg,58,valid
dqy7p98r6b.jpg,58,train
k9rleh1oqd.jpg,58,train
oa8phfck0g.jpg,58,valid
clesxni0qj.jpg,58,train
9stfkuldec.jpg,58,train
ekocst68zm.jpg,59,train
bx8g51rnfw.jpg,59,train
qbuavtldoj.jpg,59,train
1ky6uhg4n2.jpg,59,train
216ulqy9je.jpg,59,valid
mfj71ris36.jpg,59,train
fskpgzn3qj.jpg,59,train
clhk6o2nxz.jpg,59,valid
l741euagmb.jpg,59,train
obn54jw0vr.jpg,59,train
latpdcu6qk.jpg,60,train
qdcpk1wolf.jpg,60,train
u31c6lixon.jpg,60,train
6ub9qf1jwn.jpg,60,train
9lym4ikfud.jpg,60,valid
y0u1iwft7r.jpg,60,train
jzq15rcxbe.jpg,60,train
5gonudyvb1.jpg,60,valid
ym2kqgnl90.jpg,60,train
0tzkesu7vh.jpg,60,train
jbkt70iyov.jpg,61,train
k7amfgqp65.jpg,61,train
g86p97ro3x.jpg,61,train
4py986qfen.jpg,61,train
1c3ou9kyvl.jpg,61,valid
52wz6ckjah.jpg,61,train
bgndar2653.jpg,61,train
e7vqtr3fw4.jpg,61,valid
0dwec2hx45.jpg,61,train
9qr3y8t7b4.jpg,61,train
ghzbrw3oek.jpg,62,train
0ja1dvs6gf.jpg,62,train
472c1db59e.jpg,62,train
lv91kji7td.jpg,62,train
3c2hnxmybs.jpg,62,valid
qt52lapn4u.jpg,62,train
nih2x0zmsk.jpg,62,train
s3fb49g0dq.jpg,62,valid
5342f170wa.jpg,62,train
spz1m2eu9i.jpg,62,train
y7kmwceang.jpg,63,train
6cme1zkb0p.jpg,63,train
niag2opwjd.jpg,63,train
2lrxn17mv0.jpg,63,train
nktm7ac6gu.jpg,63,valid
p2ojvfrt7q.jpg,63,train
vz2n0icqt1.jpg,63,train
pi3qt1nwxr.jpg,63,valid
wys0dev968.jpg,63,train
1kt9palgbf.jpg,63,train
q02ei3zgws.jpg,64,train
4b62xnfwu3.jpg,64,train
vyreho95ux.jpg,64,train
ex60y4qdzl.jpg,64,train
gzfpsk87mn.jpg,64,valid
19urj54ob7.jpg,64,train
i32htf7rua.jpg,64,train
wy1jzlasc4.jpg,64,valid
dzcoxpkt0g.jpg,64,train
gce2hnk9p0.jpg,64,train
62jfwk8lzv.jpg,65,train
lwe3au2t5j.jpg,65,train
d2skcf6qj0.jpg,65,train
0eac5fkrg6.jpg,65,train
8k9mz4ytfb.jpg,65,valid
wvbs9arnp0.jpg,65,train
7zn2ew58ot.jpg,65,train
7tnc5jmp2w.jpg,65,valid
f97e0ia5yq.jpg,65,train
1k2foyiqlv.jpg,65,train
neqs9dz40c.jpg,66,train
3mankqhup7.jpg,66,train
87k9b1tnwe.jpg,66,train
ti4lrx075p.jpg,66,train
7o5kc41zsj.jpg,66,valid
oalq79x1c2.jpg,66,train
8fd0qkbhiv.jpg,66,train
2r4pswl6q5.jpg,66,valid
xf6jtcyv5q.jpg,66,train
il84wysd0n.jpg,66,train
qb35s68pri.jpg,67,train
dkyjte6xbz.jpg,67,train
5g1u632jvx.jpg,67,train
8hak6n7cfv.jpg,67,train
hj3c5f8mkd.jpg,67,valid
r4fc2pdhzy.jpg,67,train
9b65vjus28.jpg,67,train
9nkv3mx1py.jpg,67,valid
7ugpqotjzc.jpg,67,train
dhnbmwe83g.jpg,67,train
7b8ejfau52.jpg,68,train
kzr6538ch9.jpg,68,train
526tfqw04s.jpg,68,train
5vhtxdopna.jpg,68,train
5foaivg7cs.jpg,68,valid
5kabs4q6m2.jpg,68,train
y1ec6d48az.jpg,68,train
v9430rfi7h.jpg,68,valid
2jog39e7u1.jpg,68,train
cygwl39k7d.jpg,68,train
uiw20z98n5.jpg,69,train
up1jt7ioe9.jpg,69,train
iqwcxahzbu.jpg,69,train
fm0itkjurl.jpg,69,train
9e4d025avw.jpg,69,valid
2yhkn0qgt8.jpg,69,train
8borky4jvf.jpg,69,train
c8ljawbk2e.jpg,69,valid
c7gkvlqb0o.jpg,69,train
3pe0du57w2.jpg,69,train
4y0kp3td78.jpg,70,train
f9px3ngvdo.jpg,70,train
e81wtuhipc.jpg,70,train
qmwsvek132.jpg,70,train
jpai2l9hfn.jpg,70,valid
2xu3jb9w4c.jpg,70,train
8j346nlemt.jpg,70,train
1vqyj3280z.jpg,70,valid
2glsqz7bpf.jpg,70,train
7tl31zpuyg.jpg,70,train
cr1nqm3zx9.jpg,71,train
tyo4s5rfwd.jpg,71,train
395ogwhz1d.jpg,71,train
zgclfw96kh.jpg,71,train
shrd4c8pou.jpg,71,valid
nutdf6w8se.jpg,71,train
uldh4w7bqr.jpg,71,train
7nk4tehbil.jpg,71,valid
4qhrtfv1zo.jpg,71,train
sf17odkbla.jpg,71,train
s7i0ozbqn5.jpg,72,train
f9gwqy2o1i.jpg,72,train
7gb6pamit8.jpg,72,train
7c1elmvr8d.jpg,72,train
n827e3axgz.jpg,72,valid
tjyg0bhe3u.jpg,72,train
k2qmgoxs8z.jpg,72,train
60sqle9mu2.jpg,72,valid
2ex1dclf3w.jpg,72,train
bu7ik1gj63.jpg,72,train
jy4ms58fo3.jpg,73,train
v49wfjo02y.jpg,73,train
k40l7vaw3p.jpg,73,train
dzxflg07yu.jpg,73,train
oebtq036w9.jpg,73,valid
y7m8ebhko9.jpg,73,train
c9h2wi3fmu.jpg,73,train
spvjet76mi.jpg,73,valid
x1b6pf3hlv.jpg,73,train
fynkvhj7ws.jpg,73,train
va0yifgsce.jpg,74,train
k8iz6l9wft.jpg,74,train
xzeqtv67p3.jpg,74,train
t2hz0g5uk7.jpg,74,train
xgtycpzmir.jpg,74,valid
920w4vzxyd.jpg,74,train
3qih2j9l46.jpg,74,train
g3dm80ihl1.jpg,74,valid
q5eutxcr6f.jpg,74,train
ezb0rh8u9k.jpg,74,train
fp1gkw2u93.jpg,75,train
j3cyrza9fk.jpg,75,train
xg8lt09fsv.jpg,75,train
ze0vndq7ia.jpg,75,train
hsxm2jv71o.jpg,75,valid
2cepd1oy7t.jpg,75,train
qrpfm623u1.jpg,75,train
kgz46toidh.jpg,75,valid
60c5rme1ts.jpg,75,train
rhke51jov6.jpg,75,train
7xqltwyu2c.jpg,76,train
tpdhqy0mij.jpg,76,train
u56orj28pz.jpg,76,train
8e12fhwlsu.jpg,76,train
uq8ah34ryz.jpg,76,valid
w03b5ogfxk.jpg,76,train
m6pf9vzruy.jpg,76,train
m3xu15lg7r.jpg,76,valid
i2f4x1jw7n.jpg,76,train
6yvsjl3tb4.jpg,76,train
xq3o5lndtr.jpg,77,train
bsj3yf0q5a.jpg,77,train
f1o3x6s2n0.jpg,77,train
to14qjghyk.jpg,77,train
1czdhke8jq.jpg,77,valid
si9z74bct1.jpg,77,train
sghqf82v0z.jpg,77,train
f1qxij2g7z.jpg,77,valid
49n1retqbw.jpg,77,train
1vsnjdzkxc.jpg,77,train
m60vkta9w2.jpg,78,train
fjznri15b4.jpg,78,train
9suwm26rgz.jpg,78,train
4ib09xpyc6.jpg,78,train
2kuvwm3y6a.jpg,78,valid
l94hpeoksd.jpg,78,train
wb14oajt2x.jpg,78,train
gtay86v4b1.jpg,78,valid
fl49dcj60u.jpg,78,train
c9qztk7e6n.jpg,78,train
4uxdhvbat2.jpg,79,train
cxwrq10mal.jpg,79,train
2jk58mvldh.jpg,79,train
kqob5hm431.jpg,79,train
ioh62pzxwt.jpg,79,valid
57jypxbrq1.jpg,79,train
fcqvoh341t.jpg,79,train
iu06o91mjx.jpg,79,valid
acyjhobxmg.jpg,79,train
6c2xkabuny.jpg,79,train
dopgjwmk4h.jpg,80,train
l85cea10di.jpg,80,train
17bz5tgpf8.jpg,80,train
l9qgefs8nv.jpg,80,train
tb5afsk6lr.jpg,80,valid
ovd2pftmy5.jpg,80,train
j5y6u79ahe.jpg,80,train
m8d9vls0z7.jpg,80,valid
v1wcsaxyu7.jpg,80,train
58nv7hgwkp.jpg,80,train
hy7i46w2qd.jpg,81,train
qtgzdo8u0b.jpg,81,train
ycf9onuvgj.jpg,81,train
hnj4flyoru.jpg,81,train
aqwr8lx4gh.jpg,81,valid
r3978nexs6.jpg,81,train
c4aoxdr01i.jpg,81,train
ztw5agxrlk.jpg,81,valid
jcnek6tpyr.jpg,81,train
c1j45xfzn0.jpg,81,train
6htcvonw5d.jpg,82,train
a78wp9bm56.jpg,82,train
ivgqkwmds2.jpg,82,train
8tycj6gfzq.jpg,82,train
7zxad3oc6n.jpg,82,valid
2vza9frwle.jpg,82,train
ibqj9xecpa.jpg,82,train
i9j38pbdaz.jpg,82,valid
yhpse475u0.jpg,82,train
bc1lwy746q.jpg,82,train
jgsdx4ofrl.jpg,83,train
kua8onbpsi.jpg,83,train
vu2xow7gcj.jpg,83,train
f2awn5ovbr.jpg,83,train
cnk49yz1ui.jpg,83,valid
8o3rfdetnl.jpg,83,train
horgyf4m3q.jpg,83,train
8wnz6t14cd.jpg,83,valid
i256acudp8.jpg,83,train
9g5sbqxvj2.jpg,83,train
4plyjux7en.jpg,84,train
qehkdoxu4j.jpg,84,train
ervm2c3sgw.jpg,84,train
735gqwclov.jpg,84,train
k2xvzyaltn.jpg,84,valid
mia7bk60oe.jpg,84,train
ken0vxd7fp.jpg,84,train
slitg053cu.jpg,84,valid
9n726loid8.jpg,84,train
jyugwxl9nq.jpg,84,train
6jmp43euya.jpg,85,train
pxyaiofhbr.jpg,85,train
tmu2wqb6zi.jpg,85,train
3vowbsjg06.jpg,85,train
isfpa35971.jpg,85,valid
zyebproc9x.jpg,85,train
3vr6axohik.jpg,85,train
azrm16swlc.jpg,85,valid
5bfoe3qsrn.jpg,85,train
59z1m4ieht.jpg,85,train
04d6xbohpg.jpg,86,train
qr4159j2kp.jpg,86,train
i70dyc13pu.jpg,86,train
kmfgnxc63p.jpg,86,train
1ofy7jk3li.jpg,86,valid
nfd1g3kwy9.jpg,86,train
t6d89h3fy2.jpg,86,train
w2mx1arjse.jpg,86,valid
n4tmupzhvr.jpg,86,train
b6xcngshzv.jpg,86,train
324o5bp1dy.jpg,87,train
lq405pergk.jpg,87,train
m9q4rd1pn6.jpg,87,train
rehgw6125m.jpg,87,train
mbf0r6qn1d.jpg,87,valid
5a6ltko4hd.jpg,87,train
kja4qcs2lx.jpg,87,train
9gnia4zrl7.jpg,87,valid
1rcw0xhaz6.jpg,87,train
gjfuxspn4z.jpg,87,train
0vo6mh4bi5.jpg,88,train
2lsfjw0cog.jpg,88,train
bvdehskxrq.jpg,88,train
mcyk6otvzr.jpg,88,train
lc624gq0dx.jpg,88,valid
dj2ef18ns0.jpg,88,train
2bu4kndtxv.jpg,88,train
d9wv7s4ogc.jpg,88,valid
yvju081gd6.jpg,88,train
cwhpj7uxv4.jpg,88,train
ef1hxjb78k.jpg,89,train
ekilyuds31.jpg,89,train
qav86olr5y.jpg,89,train
9mzbrqly6x.jpg,89,train
39y6ns5mcb.jpg,89,valid
12yhed8ic0.jpg,89,train
c4ib03vhu8.jpg,89,train
jki3m6h81s.jpg,89,valid
6w194bklhi.jpg,89,train
s0ipxvude7.jpg,89,train
vzj09htfuq.jpg,90,train
uas572eblf.jpg,90,train
yoma90vldf.jpg,90,train
cv7q49okdb.jpg,90,train
692b4mx71j.jpg,90,valid
2dhpo9n1g4.jpg,90,train
1z4h7la69v.jpg,90,train
4rv2foh0yk.jpg,90,valid
mp13ot2yu0.jpg,90,train
2uhcpewqmk.jpg,90,train
xklasoh1m2.jpg,91,train
nbtu0e4vl5.jpg,91,train
6aheo298kp.jpg,91,train
wy8srcemjf.jpg,91,train
5ur372glko.jpg,91,valid
z6thvaegw1.jpg,91,train
m46b1xciyl.jpg,91,train
dxv5zfe7qn.jpg,91,valid
29nogjzqm4.jpg,91,train
2od971bwn0.jpg,91,train
cohydrglfv.jpg,92,train
nwol3afprm.jpg,92,train
fpkuxs2bv7.jpg,92,train
4ix1zfn92m.jpg,92,train
qe84uklf5n.jpg,92,valid
jftnhexco3.jpg,92,train
pw7cqy341x.jpg,92,train
3ra4b0zjon.jpg,92,valid
nrbxu8qi4w.jpg,92,train
ptogv90j7r.jpg,92,train
su6va3qtxj.jpg,93,train
igw1dypaot.jpg,93,train
cfxu2etmd3.jpg,93,train
lswqanzie2.jpg,93,train
240psvcag7.jpg,93,valid
m1e3loyzwr.jpg,93,train
5pnr8xzcla.jpg,93,train
l6p9jer1i7.jpg,93,valid
8wjtkzyg73.jpg,93,train
1gjn5y6bur.jpg,93,train
dil4hoyu57.jpg,94,train
efqdjakt2b.jpg,94,train
oityd6pfcv.jpg,94,train
t4nl8x0zgb.jpg,94,train
04kxsd2rf9.jpg,94,valid
xef56huqj2.jpg,94,train
35riksogl0.jpg,94,train
4ithkjluy7.jpg,94,valid
9fciv6nbap.jpg,94,train
kf3brigts5.jpg,94,train
2nye78pot5.jpg,95,train
7s51m4vpr3.jpg,95,train
0clzd3aqyg.jpg,95,train
rfzog9yhw4.jpg,95,train
inb5jgscot.jpg,95,valid
mdhys6ipbw.jpg,95,train
z521b46897.jpg,95,train
ckjfi4d2xe.jpg,95,valid
7e2gpbayzn.jpg,95,train
mx39h60qvj.jpg,95,train
nwklmyu2g7.jpg,96,train
u06tnmlfqg.jpg,96,train
u2owhad6c1.jpg,96,train
dun86e9x2s.jpg,96,train
atfmueqpwg.jpg,96,valid
o8ztux7lbq.jpg,96,train
43zli5mu1h.jpg,96,train
ym97fnuxpk.jpg,96,valid
b6e3fr42op.jpg,96,train
f6qwen3jub.jpg,96,train
8ne7jmo9u4.jpg,97,train
g4qtx1rf5b.jpg,97,train
goyhzv1pmb.jpg,97,train
br1mxvs4wy.jpg,97,train
bw5xm8o7y0.jpg,97,valid
6sq4gjcyiz.jpg,97,train
y7hvrlko0e.jpg,97,train
vqhco1fin2.jpg,97,valid
zia9kyuohd.jpg,97,train
qlzsimc2y0.jpg,97,train
k9iwdoh8xz.jpg,98,train
0znihwd17c.jpg,98,train
u9rkgts3ma.jpg,98,train
6g5sm1idlk.jpg,98,train
64oj0qtw91.jpg,98,valid
t5a8kuoil6.jpg,98,train
av576ciy24.jpg,98,train
z6hurl15nd.jpg,98,valid
71qxlzfrd4.jpg,98,train
rosyj7vptc.jpg,98,train
krsw3eit9v.jpg,99,train
8dnk5j62qc.jpg,99,train
ot5afdej6n.jpg,99,train
8lcp4yodei.jpg,99,train
hatm23fb94.jpg,99,valid
c3jnp4tzwg.jpg,99,train
3xk1wopr6s.jpg,99,train
79rhbl31xe.jpg,99,valid
av37tm40xq.jpg,99,train
u3fel5a8xw.jpg,99,train
mw8dlo7yfj.jpg,100,train
kx7trgw62n.jpg,100,train
iux4rvhce7.jpg,100,train
kwdxvj6cs3.jpg,100,train
ckmr1ivqot.jpg,100,valid
vg6mpcyhri.jpg,100,train
vjo6xacp3t.jpg,100,train
dt172rusfy.jpg,100,valid
gu1wyodfr4.jpg,100,train
ze5vlg1f0u.jpg,100,train
ctv3fjpqmh.jpg,101,train
s4woh3xlgc.jpg,101,train
bwvq2jyt6k.jpg,101,train
o8tbq3exvn.jpg,101,train
fsrk4cpo31.jpg,101,valid
o8hybcvenp.jpg,101,train
2cna7gw95u.jpg,101,train
9op25q8awv.jpg,101,valid
ay1ojmncef.jpg,101,train
z394wdmu0n.jpg,101,train
2hy0a68iq4.jpg,102,train
s381z6kge2.jpg,102,train
96qs4uianl.jpg,102,train
gezkvuy0o1.jpg,102,train
9dejskrapn.jpg,102,valid
f2ctg7am8n.jpg,102,train
az0b2vf84i.jpg,102,train
wg36obamye.jpg,102,valid
3w02s5jpnz.jpg,102,train
26pul9rjdn.jpg,102,train
zh69avu24k.jpg,103,train
ra2bd56zu7.jpg,103,train
5ras3dqig7.jpg,103,train
p9nsitlfzk.jpg,103,train
7bwyo82k53.jpg,103,valid
lsnqtz64w0.jpg,103,train
lrey6wj253.jpg,103,train
fvqerd4c0l.jpg,103,valid
05tdemvcqx.jpg,103,train
tl3kcrdvof.jpg,103,train
2mrz7of1j9.jpg,104,train
qvarj98tx2.jpg,104,train
v1i6u2hadq.jpg,104,train
nx6dy9t4lo.jpg,104,train
l9m8t251hi.jpg,104,valid
elkqvdsnz9.jpg,104,train
4x2mwfs13l.jpg,104,train
3hd6c94285.jpg,104,valid
ezf548thpk.jpg,104,train
co3k4jhsyx.jpg,104,train
02a91mzn84.jpg,105,train
02nehv1tf6.jpg,105,train
y1ihq6ufs8.jpg,105,train
ucbqs9j51z.jpg,105,train
1bysp7e9xv.jpg,105,valid
c2a4j8yp50.jpg,105,train
pd8uai5f4o.jpg,105,train
yx16p50lhw.jpg,105,valid
swnvlfekd1.jpg,105,train
4yw0hedpko.jpg,105,train
530kf2v8c4.jpg,106,train
v0xtd49gr5.jpg,106,train
2qyjkac5xr.jpg,106,train
o7h8rtaqdi.jpg,106,train
uwg12c3vdj.jpg,106,valid
ma4lhxk2oj.jpg,106,train
70p3db6mnt.jpg,106,train
v9qn60s7ay.jpg,106,valid
hcmxv6lowe.jpg,106,train
dfix4s68k1.jpg,106,train
lkqajngu4m.jpg,107,train
e25ibj48wz.jpg,107,train
9cmg8zjqw0.jpg,107,train
iwgz72d4tn.jpg,107,train
nzq72tp01f.jpg,107,valid
du5yvhek2g.jpg,107,train
ib2srkuzn7.jpg,107,train
68xm0fo9kp.jpg,107,valid
2dqv43cn1u.jpg,107,train
aq82wxf7e5.jpg,107,train
rnlsbkvag1.jpg,108,train
3i0nf1mx24.jpg,108,train
kctujgf0e4.jpg,108,train
3oif52dw14.jpg,108,train
ebguj8d9of.jpg,108,valid
l82nfm3rga.jpg,108,train
a475z3it0c.jpg,108,train
pcwxgk572u.jpg,108,valid
4sxf95pqkl.jpg,108,train
3bowep7uy5.jpg,108,train
3yqn097hfv.jpg,109,train
73dfup40bj.jpg,109,train
2m87ikb03x.jpg,109,train
wzanx7hd4i.jpg,109,train
4ejuz2nlfg.jpg,109,valid
zbnmre40c5.jpg,109,train
2nfdbv5gz3.jpg,109,train
ucm9b4d8gq.jpg,109,valid
8l27yrkwqm.jpg,109,train
gauokjep8f.jpg,109,train
wkt6svud0h.jpg,110,train
h2k8573apr.jpg,110,train
wmqf94xscb.jpg,110,train
5a7l69buyk.jpg,110,train
u2j1svhxpg.jpg,110,valid
pzbt8xajw9.jpg,110,train
713yghkidx.jpg,110,train
0evyz4ogbj.jpg,110,valid
u3hv47ixz8.jpg,110,train
heqoycvwp0.jpg,110,train
kmurz63s1l.jpg,111,train
vrtw98cbgk.jpg,111,train
e9jhyfd1l3.jpg,111,train
oxztv89e4c.jpg,111,train
dcvb9tfwa3.jpg,111,valid
4pxuzcvnje.jpg,111,train
ektm9fqixw.jpg,111,train
rmaksvl078.jpg,111,valid
x986rinb1z.jpg,111,train
8096orcwb7.jpg,111,train
o31e5sqdfy.jpg,112,train
mo235tuzhr.jpg,112,train
f2ery9c57l.jpg,112,train
7atixbyj3o.jpg,112,train
wkfo51b628.jpg,112,valid
hv9m5j20cr.jpg,112,train
4m2oytns0q.jpg,112,train
37ljg2i5vw.jpg,112,valid
rmf6ha1wqz.jpg,112,train
6e1cyhrjaz.jpg,112,train
fmlduinej5.jpg,113,train
8pjkqhw6rg.jpg,113,train
7fmec18ds6.jpg,113,train
5ct0bsjr67.jpg,113,train
l1yvdh5qc2.jpg,113,valid
5thplixr6q.jpg,113,train
ph1j5dkq42.jpg,113,train
zf9yqcuhxa.jpg,113,valid
c70rjnpzv2.jpg,113,train
y31pqcahlu.jpg,113,train
0jfd1cxlmv.jpg,114,train
yfj4ov675x.jpg,114,train
dxu71sivlo.jpg,114,train
tsd8mp3g69.jpg,114,train
sbohn3zl6v.jpg,114,valid
xuphae4cgf.jpg,114,train
uav73jnzq8.jpg,114,train
s0laghobxe.jpg,114,valid
zxl7y9shwv.jpg,114,train
vl1428dwke.jpg,114,train
g28oe73f14.jpg,115,train
5thdogiaum.jpg,115,train
lu4oanz2yh.jpg,115,train
i9fnxrg170.jpg,115,train
c0p1uheoa2.jpg,115,valid
6r7m8ku9es.jpg,115,train
hanwjkuvzi.jpg,115,train
dmjfravkqo.jpg,115,valid
le15pinmv8.jpg,115,train
jfdk0nz7u1.jpg,115,train
ce7bt2hqgw.jpg,116,train
hpyzt8gdwo.jpg,116,train
15tsi03djc.jpg,116,train
jzlwcy1b95.jpg,116,train
qr61azm5nc.jpg,116,valid
w0l5a8zv91.jpg,116,train
4lmuj1hkqx.jpg,116,train
4hwk6nx9sb.jpg,116,valid
t907cw3qg2.jpg,116,train
hakv49umqs.jpg,116,train
6qw1su2h0r.jpg,117,train
l9d5ecf0n6.jpg,117,train
gkm6q8edlf.jpg,117,train
q73wjh58o0.jpg,117,train
xez46twu13.jpg,117,valid
ouat2wqhbs.jpg,117,train
7yqzgtuf51.jpg,117,train
7ch3afwv40.jpg,117,valid
finhpu42jd.jpg,117,train
4vh5ey82nj.jpg,117,train
atso23mhix.jpg,118,train
n3mawi12t6.jpg,118,train
1wgtc42meh.jpg,118,train
1ecpbl689n.jpg,118,train
h6fqlrj1xv.jpg,118,valid
7t9vkoc2pz.jpg,118,train
c36owaezhg.jpg,118,train
bg8wv2hfse.jpg,118,valid
a9kxm1dvc8.jpg,118,train
96s3t71azm.jpg,118,train
dawtgnr3jh.jpg,119,train
410je2qt56.jpg,119,train
yghzv9t4b6.jpg,119,train
fuq0re67d2.jpg,119,train
q6r8ybzv53.jpg,119,valid
fa1c0jnh4x.jpg,119,train
i4gvt98pmf.jpg,119,train
n8wzhtysue.jpg,119,valid
6o4szjnh19.jpg,119,train
dj7ts985m2.jpg,119,train
2ln8p7k6o5.jpg,120,train
23gwe6jfd5.jpg,120,train
xbrkn7sye0.jpg,120,train
x12ui7p6z0.jpg,120,train
aobskuzt4f.jpg,120,valid
p6hvrs0ow2.jpg,120,train
06uasyi3nt.jpg,120,train
572dgxlnbo.jpg,120,valid
64ayjiou9l.jpg,120,train
lm98b5ai6j.jpg,120,train
baku276tdm.jpg,121,train
ls6kdpgmxr.jpg,121,train
r0t2n3qayu.jpg,121,train
uj4k7dxra3.jpg,121,train
frmp6b1lqu.jpg,121,valid
vr5pb3684m.jpg,121,train
2ulegn7fxp.jpg,121,train
a53sohwtln.jpg,121,valid
fhxet2n8zq.jpg,121,train
tsmxauhpkr.jpg,121,train
n4f76zgl1k.jpg,122,train
vwuz47enho.jpg,122,train
zwh3lyv75s.jpg,122,train
vwgaj8x36h.jpg,122,train
91q3vhg7yb.jpg,122,valid
dywmsqet2l.jpg,122,train
mxb7i031z6.jpg,122,train
31yivcarl7.jpg,122,valid
s487lo05n2.jpg,122,train
qk8u6asrhl.jpg,122,train
l5xove0ysa.jpg,123,train
fzvcrp8qd1.jpg,123,train
fzy0gind52.jpg,123,train
st1p3di097.jpg,123,train
9h257z31pc.jpg,123,valid
i97lxag30z.jpg,123,train
buew46j70c.jpg,123,train
hul6wfodyk.jpg,123,valid
gxbmepi5r0.jpg,123,train
qheo2tkz91.jpg,123,train
lmwtoh38a9.jpg,124,train
ivmdapy6lf.jpg,124,train
627prawyjz.jpg,124,train
xouyq5lr63.jpg,124,train
yjark5bls2.jpg,124,valid
h2ilu45qn1.jpg,124,train
rlansm7g3v.jpg,124,train
j3ldu4cvz5.jpg,124,valid
s7malrd3gf.jpg,124,train
dsfrzlhijy.jpg,124,train
okls31i9jq.jpg,125,train
fdu860m1qp.jpg,125,train
n1k08bxqa6.jpg,125,train
fb0xpjqrng.jpg,125,train
0xgifkj7pc.jpg,125,valid
iqpg7j4au9.jpg,125,train
pbw6l412uc.jpg,125,train
5vjfmc0esr.jpg,125,valid
r7v6o20ypi.jpg,125,train
tpm8q6xo1k.jpg,125,train
ceqla6dbhk.jpg,126,train
4v3cegh9ly.jpg,126,train
cmr3f4s8he.jpg,126,train
j4n5d1xrsh.jpg,126,train
uxbte9iwol.jpg,126,valid
8cb1ma9rzh.jpg,126,train
zycmxdas26.jpg,126,train
tb5neawzl6.jpg,126,valid
1netcyzdol.jpg,126,train
is7n8254rh.jpg,126,train
u4o2qvys0r.jpg,127,train
l0pt1jsci7.jpg,127,train
6glfjz3mpv.jpg,127,train
aou8vrskcw.jpg,127,train
oqhw45pu2s.jpg,127,valid
lhtjb3x8z7.jpg,127,train
hpm9ux7qe3.jpg,127,train
9or1twqh06.jpg,127,valid
vlnqdkwch5.jpg,127,train
e5w4tvp82k.jpg,127,train
wkrlf1dx5e.jpg,128,train
9gp27lioxw.jpg,128,train
i4oeb980pu.jpg,128,train
r396mgclky.jpg,128,train
c6e7pb40ka.jpg,128,valid
qv9im8taly.jpg,128,train
obnsep3qfk.jpg,128,train
0ndfk7y2jv.jpg,128,valid
e5g7qz1ojr.jpg,128,train
zax6ufy9tb.jpg,128,train
r13hbzgoes.jpg,129,train
ocxytn405s.jpg,129,train
r2sa7u3gkf.jpg,129,train
tla2wv5u9o.jpg,129,train
6cflj4txud.jpg,129,valid
7sjyu98al3.jpg,129,train
ik026c5mvx.jpg,129,train
4wsvfi82nh.jpg,129,valid
srye1fa6c8.jpg,129,train
a75mgw4n0q.jpg,129,train
v8r0iotj7s.jpg,130,train
4ef530djqw.jpg,130,train
kqalpxg45b.jpg,130,train
s4ogrei7cq.jpg,130,train
extk6s0w4l.jpg,130,valid
12ayikhepq.jpg,130,train
co70xj3ge8.jpg,130,train
zdse9yhx2f.jpg,130,valid
6il7z1utsm.jpg,130,train
cr0hiywvua.jpg,130,train
5n7309cy4q.jpg,131,train
u624vjlhrm.jpg,131,train
aw15o7zhqj.jpg,131,train
idntqsry9c.jpg,131,train
07uqc9hdnt.jpg,131,valid
vpy6s32ak1.jpg,131,train
x7fuqrtgv8.jpg,131,train
dc569pbi73.jpg,131,valid
sxmynbr274.jpg,131,train
mgp6atj4rz.jpg,131,train
70wzcgx3fm.jpg,132,train
2ke6vdnu95.jpg,132,train
7smzybq89e.jpg,132,train
q586p7t9hg.jpg,132,train
igsdkhy2eu.jpg,132,valid
g87kq9h0ud.jpg,132,train
qcop3gerzl.jpg,132,train
5u47pqwagh.jpg,132,valid
3r8vhx2jmy.jpg,132,train
ez3jfhi6w7.jpg,132,train
ywet5k4csu.jpg,133,train
6jf8nev9ld.jpg,133,train
dbjq1zwkay.jpg,133,train
f1j8zsmvoh.jpg,133,train
8pe64nw3qd.jpg,133,valid
my5796rjxq.jpg,133,train
sicx6lo4eu.jpg,133,train
513i7beatq.jpg,133,valid
xrc93jsy6g.jpg,133,train
bvp9dksyqa.jpg,133,train
a076wnrgiz.jpg,134,train
nhg7c9sxyk.jpg,134,train
ilpcnh3m7v.jpg,134,train
qpot5x0c46.jpg,134,train
2a7qg8pwch.jpg,134,valid
b1d6yjg2s9.jpg,134,train
zgqm6jlpiu.jpg,134,train
xg1h2c307a.jpg,134,valid
umpsk05tzq.jpg,134,train
8vbapirnk9.jpg,134,train
sbdnl4iv29.jpg,135,train
w1s09vhkei.jpg,135,train
hza1p7umoe.jpg,135,train
qopugd9wb7.jpg,135,train
jwbr469soa.jpg,135,valid
0d9ucgfmy6.jpg,135,train
so92rqmze5.jpg,135,train
6yrugso0tw.jpg,135,valid
vpk6t0sno2.jpg,135,train
691rdlbpn0.jpg,135,train
pwtgi3klaq.jpg,136,train
d3vihwky70.jpg,136,train
a8cl2j4ge9.jpg,136,train
7ehd8z9wmj.jpg,136,train
pirkcdqnvw.jpg,136,valid
nk4710ezbf.jpg,136,train
dy75qjoecw.jpg,136,train
otdgefa1b3.jpg,136,valid
83hvr51w6g.jpg,136,train
l1m7kny389.jpg,136,train
wtfb90cihg.jpg,137,train
jokl9ycut7.jpg,137,train
fk7d8lg1vw.jpg,137,train
71moswf85d.jpg,137,train
v3e2mxsay1.jpg,137,valid
96jk237rpo.jpg,137,train
u3zy6qmi85.jpg,137,train
4kehfjtrsq.jpg,137,valid
d42kyl86ae.jpg,137,train
l9s2g34zri.jpg,137,train
xpuidown25.jpg,138,train
786ioag1u5.jpg,138,train
d3bflyj6es.jpg,138,train
vemngh80tc.jpg,138,train
6fgo3dbp7y.jpg,138,valid
b0zyo46l8j.jpg,138,train
gkvefw39ym.jpg,138,train
30ajyigdcu.jpg,138,valid
gntcoebrqa.jpg,138,train
zgc2mnh7u1.jpg,138,train
vpmsgch3en.jpg,139,train
j9lg4o3rsy.jpg,139,train
yg38c6ph05.jpg,139,train
12skpjbwn6.jpg,139,train
2srnlmzx47.jpg,139,valid
347q2106gk.jpg,139,train
lrbvj8c3o7.jpg,139,train
f5snyu1k3v.jpg,139,valid
qpwey27tzi.jpg,139,train
fahwlr9cnu.jpg,139,train
jws60uqnec.jpg,140,train
mryvho0az7.jpg,140,train
vkwpygauor.jpg,140,train
2e9cqb73xg.jpg,140,train
hqme9pb6v2.jpg,140,valid
alqkcy1gxo.jpg,140,train
4nwgzrseim.jpg,140,train
vlcxspnq92.jpg,140,valid
h8m62b9jkl.jpg,140,train
m0bc3du956.jpg,140,train
wrsndgyjzf.jpg,141,train
tjmexq84vh.jpg,141,train
bc4szm862v.jpg,141,train
ogt8wd0mec.jpg,141,train
9yos7ch31n.jpg,141,valid
7ugfpnqvk3.jpg,141,train
lcdv7n1oyk.jpg,141,train
0f2wec1id9.jpg,141,valid
hlja4qfiv3.jpg,141,train
ygikt8alvc.jpg,141,train
g06y4dovqm.jpg,142,train
jg981fqt0k.jpg,142,train
o5yftelzc7.jpg,142,train
pqkno27xu5.jpg,142,train
nazme7v0qu.jpg,142,valid
8i1afv6cmz.jpg,142,train
qgtxp6ywor.jpg,142,train
9gdxjkpmfi.jpg,142,valid
w4qhpn839s.jpg,142,train
vrgk0sy3bl.jpg,142,train
51ylk2mdfz.jpg,143,train
xpcte0n3qm.jpg,143,train
y04pfgq65m.jpg,143,train
p1z3b6k7h9.jpg,143,train
93q4ezcbo6.jpg,143,valid
cd8eao36q1.jpg,143,train
8ekqg1j450.jpg,143,train
4bn7zo5sh8.jpg,143,valid
p2l87i1v9h.jpg,143,train
nyhxdvtgru.jpg,143,train
3jlcz4rnwp.jpg,144,train
v73wolg049.jpg,144,train
3lw8i1mpa2.jpg,144,train
3bje5my9kh.jpg,144,train
0v6mgkl3o2.jpg,144,valid
bptqgijd5m.jpg,144,train
g4xrps8mvw.jpg,144,train
tcoefd47n9.jpg,144,valid
bz0kw2u41q.jpg,144,train
oxlestr1k6.jpg,144,train
4mnb3ijfgx.jpg,145,train
boi7lua65j.jpg,145,train
n7hqtjib48.jpg,145,train
m9tzlx0rao.jpg,145,train
otbhpuf7my.jpg,145,valid
fu7tazsdly.jpg,145,train
dun0grjwb2.jpg,145,train
8nz4tmr7kp.jpg,145,valid
c7m14g6rv2.jpg,145,train
qgmoc2a6uk.jpg,145,train
tpg2obxjc3.jpg,146,train
6hqy7ud4jc.jpg,146,train
gj0hdualbf.jpg,146,train
pqon0jxdya.jpg,146,train
upwylq50zs.jpg,146,valid
r475gzu3v6.jpg,146,train
hia3lf4sjd.jpg,146,train
xu18p0nm7z.jpg,146,valid
zn8jshfrp6.jpg,146,train
qlco056prk.jpg,146,train
8zw34xh7sm.jpg,147,train
7b6xvqj3zp.jpg,147,train
xktn8crbf2.jpg,147,train
q3r2ofpgek.jpg,147,train
19au3ysioc.jpg,147,valid
43jkmp0i1y.jpg,147,train
p453i6wryq.jpg,147,train
ca9zmxwgn1.jpg,147,valid
1q8dk4lsc2.jpg,147,train
gtjxz6e5co.jpg,147,train
oash2ex70v.jpg,148,train
fjadmcgl41.jpg,148,train
izedjsquor.jpg,148,train
9mibzng6w8.jpg,148,train
fn8ue5t4ap.jpg,148,valid
8p0mzl9den.jpg,148,train
1jwyervk87.jpg,148,train
n4tce0huv3.jpg,148,valid
xyqj6vubkn.jpg,148,train
gpzbme2adt.jpg,148,train
ck6msi4y9l.jpg,149,train
gt17uawrl5.jpg,149,train
pwq75d2tyc.jpg,149,train
4d576busev.jpg,149,train
lgwndzjsy0.jpg,149,valid
mliwhbkn7q.jpg,149,train
tn56aeowc1.jpg,149,train
c6ahzjivgf.jpg,149,valid
ujh2qf0lvk.jpg,149,train
cjtuf520e9.jpg,149,train
r4kt1axpl5.jpg,150,train
pxlv3wk45b.jpg,150,train
mavnqxw1dc.jpg,150,train
udxkj4910m.jpg,150,train
l3kd1qnmwh.jpg,150,valid
g5tf0vy7b4.jpg,150,train
t5e3c8injg.jpg,150,train
m37z861b4x.jpg,150,valid
3aegm7bpyk.jpg,150,train
zkj614brlh.jpg,150,train
7pe9jwq84x.jpg,151,train
vkpuhdlmey.jpg,151,train
6w1ym9jerf.jpg,151,train
2ecmfbq3x9.jpg,151,train
vz03waghuq.jpg,151,valid
hk5tisp1mr.jpg,151,train
bif6ayhjm1.jpg,151,train
fpcvgs20mw.jpg,151,valid
h0c6kgzu2b.jpg,151,train
58x4ewncgu.jpg,151,train
dvyp5lr7zn.jpg,152,train
h8fqwtmz93.jpg,152,train
qaxhnksec9.jpg,152,train
yt6ha5dsop.jpg,152,train
m71sa0bgph.jpg,152,valid
ohbi3v5ng6.jpg,152,train
vldgo83jq4.jpg,152,train
2lvns5x9zk.jpg,152,valid
i0pa34tsgm.jpg,152,train
h10j36uy92.jpg,152,train
osa98i7num.jpg,153,train
dovsjhtupi.jpg,153,train
xmgld3c9ks.jpg,153,train
7b8m1lxnyz.jpg,153,train
rvn71yckqu.jpg,153,valid
k1cqia2zo5.jpg,153,train
atdn0ucrev.jpg,153,train
41i3lxpjwu.jpg,153,valid
fwnkx53drh.jpg,153,train
bgufami6hn.jpg,153,train
gs9wqtdm5p.jpg,154,train
fz20dxla45.jpg,154,train
ftxyp7ma6n.jpg,154,train
ql43hy1w2j.jpg,154,train
0vkloujhna.jpg,154,valid
cbolq7kusr.jpg,154,train
rmvtse8bzi.jpg,154,train
0x9k2t6f5w.jpg,154,valid
xzuk9ijngd.jpg,154,train
ljqhw0t68d.jpg,154,train
hzj03fwpnb.jpg,155,train
65zgysrm13.jpg,155,train
8sgfjwaq5v.jpg,155,train
0dhgmwk8ri.jpg,155,train
dxlzoym0wk.jpg,155,valid
0h5c84vtlw.jpg,155,train
fladmy8sg2.jpg,155,train
se8ug03h6l.jpg,155,valid
mt2fb8ulw6.jpg,155,train
03jezhu9i8.jpg,155,train
gk94th31c6.jpg,156,train
1kmopz5fuc.jpg,156,train
oymw8gt2r9.jpg,156,train
a098u7fyod.jpg,156,train
5msy97xr4h.jpg,156,valid
0gawub3e76.jpg,156,train
9r3emn1tjy.jpg,156,train
pcqfjx0vib.jpg,156,valid
zhf3bpm5ne.jpg,156,train
oj2kb46pqs.jpg,156,train
l7dnj438i9.jpg,157,train
6xgb3nofj0.jpg,157,train
snfirgdj6h.jpg,157,train
sbdapkw7c2.jpg,157,train
9m5ws16hiq.jpg,157,valid
5vhjqkxym1.jpg,157,train
5lo8r9jyeh.jpg,157,train
3tianfl4rk.jpg,157,valid
2qhfvy49ar.jpg,157,train
18roqtwzmx.jpg,157,train
905ixmp3kb.jpg,158,train
s7ozua8c1g.jpg,158,train
s80pe1vx7q.jpg,158,train
l8ytum4q2n.jpg,158,train
ujnlxyk028.jpg,158,valid
5r1qsxch3g.jpg,158,train
sxpke49az0.jpg,158,train
g4mevpylri.jpg,158,valid
bkz57ew34g.jpg,158,train
8dlnvz3hoq.jpg,158,train
4j90wex27m.jpg,159,train
sanq65o97m.jpg,159,train
y3scgxkje4.jpg,159,train
3fihwbdlt2.jpg,159,train
lwvngfa3z9.jpg,159,valid
wc6zs3l2dg.jpg,159,train
ovit6h9f18.jpg,159,train
u8enxy02os.jpg,159,valid
hc5rl72an4.jpg,159,train
y8pf1lgvnc.jpg,159,train
ql1acvdf2h.jpg,160,train
zwmby0rk5g.jpg,160,train
pweqc0t29h.jpg,160,train
bzg6j9rw2v.jpg,160,train
rd6ejf7b2t.jpg,160,valid
97ce0yjsq8.jpg,160,train
1h8rx6lv9u.jpg,160,train
91mqhdo0al.jpg,160,valid
976z1okqsi.jpg,160,train
ctvo5egaj8.jpg,160,train
f03navzmgx.jpg,161,train
3mvt6ayelz.jpg,161,train
x9oqk4psfi.jpg,161,train
dgjyl45eta.jpg,161,train
cmsbgpvzn1.jpg,161,valid
msy0lv2zxr.jpg,161,train
g13mhbxw24.jpg,161,train
j2q83shyx6.jpg,161,valid
s4xj2pcq3d.jpg,161,train
gcoljt4k8x.jpg,161,train
c35m7s2oup.jpg,162,train
c4ubsjwniy.jpg,162,train
29qxzcmn65.jpg,162,train
dsqn5iemuj.jpg,162,train
qvwnolsf21.jpg,162,valid
wrqk0si3db.jpg,162,train
wq4dhc7plg.jpg,162,train
h649ynrtlq.jpg,162,valid
43a86kwq5n.jpg,162,train
ejzc6fqy7m.jpg,162,train
8vwsa94r2c.jpg,163,train
apbx9wfyej.jpg,163,train
4q8xdtenur.jpg,163,train
9ekgzwyp81.jpg,163,train
2v0bp31iku.jpg,163,valid
mbhzkq65sa.jpg,163,train
5p9dyk4se7.jpg,163,train
cutrjadfbe.jpg,163,valid
w0zrhsx8a7.jpg,163,train
na4k1o5hgx.jpg,163,train
tcsg7d58i3.jpg,164,train
43tozprjky.jpg,164,train
gz0qbojfxh.jpg,164,train
5dcobplzfh.jpg,164,train
5n89rgs7oe.jpg,164,valid
4j0agpncie.jpg,164,train
4j3t69lek2.jpg,164,train
fbhmo7u3t1.jpg,164,valid
b3dxt9i082.jpg,164,train
jktye7hw5f.jpg,164,train
hc48mgfuei.jpg,165,train
h1ekiumf89.jpg,165,train
emzhfwkv5s.jpg,165,train
nxmics6hpl.jpg,165,train
czw9ludry5.jpg,165,valid
wufv7951st.jpg,165,train
ldjerftmus.jpg,165,train
iu3cvdwa7p.jpg,165,valid
nlqvrh78yf.jpg,165,train
poeg0amrf3.jpg,165,train
zegmjw1a4t.jpg,166,train
y5qbdhfu07.jpg,166,train
3kt9eydpls.jpg,166,train
rxz3ao86w7.jpg,166,train
3ic42ol7ub.jpg,166,valid
vu8qck2pyl.jpg,166,train
74gzbm9r3j.jpg,166,train
7omq8vwl04.jpg,166,valid
bm2kodr7hn.jpg,166,train
tw71lpib0s.jpg,166,train
0zjbvpworf.jpg,167,train
5vnxlcpw8j.jpg,167,train
it3s850frc.jpg,167,train
3f47vrk21p.jpg,167,train
e6mbk9qrhz.jpg,167,valid
i8abutrcz2.jpg,167,train
xqp0dwo92t.jpg,167,train
juybmfx93w.jpg,167,valid
5i7ktsa84n.jpg,167,train
caw74fr85s.jpg,167,train
5w1mlp3s8u.jpg,168,train
2pdsgyxir6.jpg,168,train
2391qpv8cs.jpg,168,train
6e1tkdvysn.jpg,168,train
lqbphe7w8c.jpg,168,valid
uhdr9pbc68.jpg,168,train
v30pbxnfd7.jpg,168,train
tjp6v90b3s.jpg,168,valid
d5oszlyvtn.jpg,168,train
4b8opr57nl.jpg,168,train
uwzjxydi52.jpg,169,train
tf3ecl7bv5.jpg,169,train
dj7brs8oc4.jpg,169,train
2gjuevhqxa.jpg,169,train
6v1cxspbzq.jpg,169,valid
8wm1vegx6u.jpg,169,train
zgy2obdwaj.jpg,169,train
prj10vohc5.jpg,169,valid
sjiv809m7g.jpg,169,train
2n3hi80pw5.jpg,169,train
rfw7q5vijb.jpg,170,train
vy1ohxusw3.jpg,170,train
mrygus0lae.jpg,170,train
vzlirt6auw.jpg,170,train
ji0o1h9plg.jpg,170,valid
zeyjtp6uwn.jpg,170,train
debpqcmr2j.jpg,170,train
4sedlxbw7f.jpg,170,valid
vckolqhrz7.jpg,170,train
khaz78j9mf.jpg,170,train
bprjgest20.jpg,171,train
0rv9woke27.jpg,171,train
wnej37o2t6.jpg,171,train
032p7z15ol.jpg,171,train
tbmcoe8wp5.jpg,171,valid
at06dxb5uf.jpg,171,train
r4w6ge2ayn.jpg,171,train
dr53w9aogj.jpg,171,valid
3k5sm6icg4.jpg,171,train
bd2ex9vzit.jpg,171,train
ncvzaep06j.jpg,172,train
sk8hfvx20r.jpg,172,train
x7bnam04pd.jpg,172,train
gmkira4nzj.jpg,172,train
n790dy8tip.jpg,172,valid
l2v3eacgt5.jpg,172,train
bjq6nfldhp.jpg,172,train
tdybfg0ra5.jpg,172,valid
irxqdlm5zh.jpg,172,train
yx8n5fvcbz.jpg,172,train
0xyi4gpvjl.jpg,173,train
rjoy7ewqnh.jpg,173,train
zq09k7cio5.jpg,173,train
thlb5vm2dk.jpg,173,train
s91hm6tyv4.jpg,173,valid
jal4ygxecq.jpg,173,train
rswgh0ne6o.jpg,173,train
0y3epg8s2a.jpg,173,valid
3jsy6vdb5n.jpg,173,train
zacbk1e23q.jpg,173,train
w2p476fkb5.jpg,174,train
n48gvqohcs.jpg,174,train
yr2iokuv98.jpg,174,train
el1audwz4v.jpg,174,train
m2by3vriws.jpg,174,valid
hszf7v5tui.jpg,174,train
lejf4bm0pn.jpg,174,train
5qewzk21a7.jpg,174,valid
sq5fwy2hga.jpg,174,train
lmkbtd2os3.jpg,174,train
03ol9zqjn7.jpg,175,train
3dkx0y9ben.jpg,175,train
7ul5v2gzmi.jpg,175,train
59gdl1w3kf.jpg,175,train
4c2dgzevt5.jpg,175,valid
tfi3h87maj.jpg,175,train
k0tisdpx2j.jpg,175,train
vd1qhaxofc.jpg,175,valid
8czytpboil.jpg,175,train
9tirxpf3u2.jpg,175,train
olsmwqdjyg.jpg,176,train
g4bfk75vse.jpg,176,train
hw1j6q8tox.jpg,176,train
09de32ybos.jpg,176,train
6acfjyq9d1.jpg,176,valid
u34vhrwpjz.jpg,176,train
ri1l0jv2m5.jpg,176,train
pw38e2ydta.jpg,176,valid
1ozqv5bhxe.jpg,176,train
eikbvn7jmu.jpg,176,train
xp07krsqvu.jpg,177,train
giexlnho16.jpg,177,train
uiwjd186sa.jpg,177,train
mth6awr7c0.jpg,177,train
spyj1k5r9z.jpg,177,valid
s2gzqnerpm.jpg,177,train
6j5uxb0as8.jpg,177,train
sc1nkyruth.jpg,177,valid
2jix9katr4.jpg,177,train
zst40rh35g.jpg,177,train
yg90zn2vpl.jpg,178,train
9zmjrkpvxq.jpg,178,train
1pqnt0w2gm.jpg,178,train
96qahzepwy.jpg,178,train
zp7nm6yjd9.jpg,178,valid
0uijyo2btd.jpg,178,train
pnthq83ob6.jpg,178,train
7p5qb6i82m.jpg,178,valid
816idz2eg4.jpg,178,train
3z4lrcpo6n.jpg,178,train
z29e6d5tai.jpg,179,train
lpug4vqy50.jpg,179,train
2qacykxz5s.jpg,179,train
xa3q9f0nw7.jpg,179,train
9oq2agxm46.jpg,179,valid
joa3nw02l5.jpg,179,train
pw5lo2nv0y.jpg,179,train
u64mgvklxn.jpg,179,valid
kbpiqo43df.jpg,179,train
k5rqsgp1u7.jpg,179,train
eqm1tx2069.jpg,180,train
nor2m6kl3e.jpg,180,train
qzk1owcvjh.jpg,180,train
df310e9rgx.jpg,180,train
o59cg32p1r.jpg,180,valid
d94e8f2t0y.jpg,180,train
dyk3prs289.jpg,180,train
2d8tl7v1hp.jpg,180,valid
ug6vqayt49.jpg,180,train
581yzt3xas.jpg,180,train
ryknaceh6p.jpg,181,train
0gnjdfq4tu.jpg,181,train
kluavs5gf0.jpg,181,train
4udy6c9jiq.jpg,181,train
2zsfdbrex4.jpg,181,valid
96gcnuz3lm.jpg,181,train
9behtc6usp.jpg,181,train
bro8zmsce3.jpg,181,valid
nr0kp6a53x.jpg,181,train
dzerfmji2n.jpg,181,train
tusvg61rz4.jpg,182,train
m4kyof9aiz.jpg,182,train
jaxwvcefzl.jpg,182,train
ipartmk5gy.jpg,182,train
epb1slk5vc.jpg,182,valid
w16yn8vi9e.jpg,182,train
2kijb9dafn.jpg,182,train
2bxai7um13.jpg,182,valid
5uj9yevrk6.jpg,182,train
x3ftwo9a1d.jpg,182,train
9dwv7qzc2j.jpg,183,train
t2jqorncwd.jpg,183,train
dqhk25ylvs.jpg,183,train
6wrqi8ezan.jpg,183,train
rij6g9qymo.jpg,183,valid
yv185rj7gw.jpg,183,train
5qf8da31bp.jpg,183,train
f04i239syj.jpg,183,valid
7d4ljiyf0u.jpg,183,train
zqrl6bjp28.jpg,183,train
kl3d5sj6p8.jpg,184,train
dika3b79vm.jpg,184,train
0j2v53fyn1.jpg,184,train
wska7j1lgr.jpg,184,train
ld1ic9r84g.jpg,184,valid
go5c01aq3t.jpg,184,train
ta5v3sn0dw.jpg,184,train
igqykm5l7t.jpg,184,valid
vbnm2d41iy.jpg,184,train
c1ba5t8o92.jpg,184,train
m3jyrhcwig.jpg,185,train
j8xwygreh0.jpg,185,train
6psb2z0eox.jpg,185,train
syr8ux9fg4.jpg,185,train
ztbxuh3c05.jpg,185,valid
gyo9qmtarb.jpg,185,train
z0rqdi78tv.jpg,185,train
on4ml0hs6v.jpg,185,valid
rq6unmv73p.jpg,185,train
w4k1yng9tf.jpg,185,train
8qc6xka07u.jpg,186,train
tnlfmgi305.jpg,186,train
ciy9g5u6qm.jpg,186,train
bcxa3245m6.jpg,186,train
3j7foxnqlu.jpg,186,valid
t2u5yhlsfw.jpg,186,train
mc1zkvsjao.jpg,186,train
ytosm8ecwa.jpg,186,valid
cwb9yxl5og.jpg,186,train
xos98jewhc.jpg,186,train
0cwbio2hfn.jpg,187,train
r1ft32e7ca.jpg,187,train
4uqmd8yjo7.jpg,187,train
pjzubyw20e.jpg,187,train
ws3enarf4x.jpg,187,valid
9f7dkaqw63.jpg,187,train
k4w5v1orjz.jpg,187,train
zpv0blo4q6.jpg,187,valid
buf13ed58p.jpg,187,train
nj8xhiabum.jpg,187,train
b8fmiexjvt.jpg,188,train
8c2uw5prkd.jpg,188,train
gilsw5xp3f.jpg,188,train
xtsrvfcw5e.jpg,188,train
pkojmucirv.jpg,188,valid
aohw7c4gyt.jpg,188,train
j4lcy6spqv.jpg,188,train
7hbu1t0qri.jpg,188,valid
hbrmx1o8sv.jpg,188,train
hmlj0ugqxt.jpg,188,train
6puoj8vbcl.jpg,189,train
dz6185v3yb.jpg,189,train
f1p2dc4a9b.jpg,189,train
ci2kay7bxh.jpg,189,train
3xbyz5d6p0.jpg,189,valid
lqb94sx52u.jpg,189,train
bo60lf4xgw.jpg,189,train
xfzau2k4et.jpg,189,valid
jxywbciseg.jpg,189,train
raipy8mdkh.jpg,189,train
58lrkijwg2.jpg,190,train
xl4vyruk58.jpg,190,train
gvpe7x8h69.jpg,190,train
86k7lz1i3d.jpg,190,train
uetjzpw5s3.jpg,190,valid
c0dxgf241y.jpg,190,train
oryfh817wz.jpg,190,train
xk6y5ac7mn.jpg,190,valid
3065yl8zwn.jpg,190,train
nlmb4akwe8.jpg,190,train
i8qr01seyx.jpg,191,train
07ufd3njrv.jpg,191,train
zvltb5j4e2.jpg,191,train
9grlopjwtu.jpg,191,train
n0oubk62hr.jpg,191,valid
32bjm0oyxh.jpg,191,train
ejzbtvr415.jpg,191,train
4anwm0t7y6.jpg,191,valid
tcrnmkq8a9.jpg,191,train
5hvlgw7u8i.jpg,191,train
4uwtasjc53.jpg,192,train
698x4lkaec.jpg,192,train
gsd4y3xcf5.jpg,192,train
zwnc62gvtp.jpg,192,train
l2su5jo6cq.jpg,192,valid
vdn1wb8ics.jpg,192,train
wrk8zm9vyd.jpg,192,train
pyed169lkn.jpg,192,valid
6rkezdhma8.jpg,192,train
h0p18vl6fr.jpg,192,train
gxu3rhn1bf.jpg,193,train
sj7r4dwhbu.jpg,193,train
yr0fvd4j6b.jpg,193,train
gue5rkfvcw.jpg,193,train
jreu7hawcg.jpg,193,valid
ry04hntfju.jpg,193,train
mzuki0xfs8.jpg,193,train
7pir95fmxy.jpg,193,valid
l1ny3s9rxz.jpg,193,train
y7jmql0obx.jpg,193,train
q6arbd4uec.jpg,194,train
mgi3kz5evj.jpg,194,train
a6wkd2ipfo.jpg,194,train
u3zlxmvyoh.jpg,194,train
w7rxt51abl.jpg,194,valid
hcsgd5uvyp.jpg,194,train
jdgbru6fy5.jpg,194,train
bgu708rvea.jpg,194,valid
r1dmxfsp7z.jpg,194,train
cmoxga5uye.jpg,194,train
dhni5ryaue.jpg,195,train
6v3ipghnlc.jpg,195,train
283irngatu.jpg,195,train
k94dptf7eu.jpg,195,train
ifnhte8wqs.jpg,195,valid
vonf9cr8uw.jpg,195,train
2g5snbv8r6.jpg,195,train
pj8vfa1bdy.jpg,195,valid
3l1h5kfut9.jpg,195,train
n58zrgfm1e.jpg,195,train
ugdlnaf61v.jpg,196,train
m9cfnzjrwy.jpg,196,train
l0do9qfg4u.jpg,196,train
p3mrfz0dj5.jpg,196,train
7uerqn80km.jpg,196,valid
ldm5q49str.jpg,196,train
k8mlxtzvho.jpg,196,train
5sazegv4pl.jpg,196,valid
ux0c9nb5zi.jpg,196,train
ur6szkhify.jpg,196,train
j12vlyn96c.jpg,197,train
6g58i3xt2s.jpg,197,train
p648hquxov.jpg,197,train
xm30zatujk.jpg,197,train
q82gdipwlv.jpg,197,valid
h2zeodtbw4.jpg,197,train
9emabilzjy.jpg,197,train
akqw6ugcb3.jpg,197,valid
69ktyrim7u.jpg,197,train
vksucmbaw8.jpg,197,train
v0js9w78qt.jpg,198,train
ktp8nrqx6w.jpg,198,train
316kp84gzx.jpg,198,train
wl37mcoqtu.jpg,198,train
ov1gh4qdpk.jpg,198,valid
cdl87xvigj.jpg,198,train
dyw6jagi1l.jpg,198,train
1v2gcmxqw0.jpg,198,valid
fmin1doukr.jpg,198,train
j34emd928b.jpg,198,train
mhoulbq30d.jpg,199,train
a3gncx1vj8.jpg,199,train
fln5apgiu6.jpg,199,train
r237k6jydl.jpg,199,train
mzec42h0a7.jpg,199,valid
4rvchfoz28.jpg,199,train
94xm20loun.jpg,199,train
7ply36k5qm.jpg,199,valid
ne81rvduqx.jpg,199,train
kswb8pmjt5.jpg,199,train
vapz2d0e6y.jpg,200,train
w0p5os9myb.jpg,200,train
klzx4pa8g3.jpg,200,train
zi684vlmpg.jpg,200,train
p6xa9geu58.jpg,200,valid
dotn26v83u.jpg,200,train
ebyk9ncgfu.jpg,200,train
xhegwmkblc.jpg,200,valid
go7r4mdlxp.jpg,200,train
hfyw5g6a1k.jpg,200,train
gm0phedti6.jpg,201,train
zrg1i5j2vt.jpg,201,train
zv310diysc.jpg,201,train
g861hjq0eo.jpg,201,train
dmkrnea8xl.jpg,201,valid
gakfqev36t.jpg,201,train
ehu1cb8rx3.jpg,201,train
e8soz0ldnk.jpg,201,valid
aj23918mle.jpg,201,train
9cdfb7ezi8.jpg,201,train
8q7103xz24.jpg,202,train
w8s69l1hiv.jpg,202,train
ayezh6x1l7.jpg,202,train
ahx6wi2lz1.jpg,202,train
kq2lf6t9uy.jpg,202,valid
3kc085ur1p.jpg,202,train
23680fkbw1.jpg,202,train
84v5ui7bx3.jpg,202,valid
ip4872akng.jpg,202,train
i0hv8t193j.jpg,202,train
9xbchwtegu.jpg,203,train
5fh7zcp8ny.jpg,203,train
0a1h7votc5.jpg,203,train
m97xzqfvsb.jpg,203,train
sq5t0yoi27.jpg,203,valid
cqe8nm21xb.jpg,203,train
ncur7qwv5t.jpg,203,train
tmd1p5iksf.jpg,203,valid
z9ore680uf.jpg,203,train
xdguayfb4z.jpg,203,train
oxrhmn7s9g.jpg,204,train
16lyj3csrk.jpg,204,train
fk39h1p4oa.jpg,204,train
dojy76xpz0.jpg,204,train
583xman1vi.jpg,204,valid
c5mq78lotn.jpg,204,train
8blaev976r.jpg,204,train
ehd26rgoq0.jpg,204,valid
4ucan0q26o.jpg,204,train
dbzy0jn8oe.jpg,204,train
o0vyajcu6m.jpg,205,train
kdmarp5xj1.jpg,205,train
17at8fyrjz.jpg,205,train
xcz65ha2sf.jpg,205,train
mlep321ufs.jpg,205,valid
iwhp0271c6.jpg,205,train
fi4puxkgel.jpg,205,train
9kgiqzj17d.jpg,205,valid
7pz3fyhw8t.jpg,205,train
uaeli2v5sy.jpg,205,train
wo56q7gun2.jpg,206,train
dkj0l3w42m.jpg,206,train
8dgjwrzb0o.jpg,206,train
cz0jdkr6h9.jpg,206,train
s6mrg5zw0d.jpg,206,valid
4bpk81twni.jpg,206,train
uojyhwki0n.jpg,206,train
fjqnux9goh.jpg,206,valid
ch287fbnt5.jpg,206,train
irlt370pa1.jpg,206,train
lw3q2d7xco.jpg,207,train
zhb425a9ce.jpg,207,train
cplxhw6ek0.jpg,207,train
p8ai47w5nf.jpg,207,train
h8y4mi10qn.jpg,207,valid
nvt6c30p9e.jpg,207,train
j4bf0yv628.jpg,207,train
ep8j1kgmr3.jpg,207,valid
s2365oub10.jpg,207,train
tzp5chyskx.jpg,207,train
2cjmveo601.jpg,208,train
oxiw68qr4d.jpg,208,train
glfynq1p7i.jpg,208,train
z3g7wb0pah.jpg,208,train
9dn2gl81jf.jpg,208,valid
teq5r1pnlv.jpg,208,train
i8zhjl6awn.jpg,208,train
56xnqeco0d.jpg,208,valid
zhwtxjn53c.jpg,208,train
6xpm9ijoh4.jpg,208,train
tou3f7pmi9.jpg,209,train
zhelcfsn9y.jpg,209,train
2vzg9j1kbr.jpg,209,train
kp4ebq7gw6.jpg,209,train
clfjra2v7o.jpg,209,valid
3fwiax1g6v.jpg,209,train
zjqclouebx.jpg,209,train
58deo1cvki.jpg,209,valid
6gvxae72p3.jpg,209,train
7fve9dspb0.jpg,209,train
mz5q7vd4jt.jpg,210,train
qxsmrvoa8z.jpg,210,train
dpzw7gs8af.jpg,210,train
l67e9khvj4.jpg,210,train
sv53ujcf9d.jpg,210,valid
ak7oh5yqcn.jpg,210,train
afx3pqtshe.jpg,210,train
lf4n7pykm0.jpg,210,valid
jwpt8ld3n4.jpg,210,train
cb7q02djin.jpg,210,train
gaejc2x1yv.jpg,211,train
wragp32oh6.jpg,211,train
crilf5enta.jpg,211,train
r3hzfqscm6.jpg,211,train
qjnskgeudp.jpg,211,valid
q7k2r5mj6y.jpg,211,train
r4yhvjs869.jpg,211,train
7d3ce5x9zo.jpg,211,valid
wst0py26hv.jpg,211,train
fdlsrbpn6c.jpg,211,train
6e2v7xt45u.jpg,212,train
q9dti6vg0x.jpg,212,train
745f9kaumw.jpg,212,train
qb2mhd9liy.jpg,212,train
uyn307avzf.jpg,212,valid
nuktpe7g6y.jpg,212,train
pso7k648yg.jpg,212,train
86fch2t1s7.jpg,212,valid
rimyn6vfas.jpg,212,train
utnpwb4oc1.jpg,212,train
n73k4y0imx.jpg,213,train
kf65se24pu.jpg,213,train
9yegr5ltuv.jpg,213,train
iokf6mcrq2.jpg,213,train
pemnd7h95f.jpg,213,valid
dhc3uy8pas.jpg,213,train
2le43zcqfj.jpg,213,train
50cfrwdg7o.jpg,213,valid
pinod7vjzk.jpg,213,train
16hyv9mz8g.jpg,213,train
gfdtk9amx3.jpg,214,train
mp0rbu9as6.jpg,214,train
riv6g7d2qh.jpg,214,train
zluvr8ojiw.jpg,214,train
7z53qtv28j.jpg,214,valid
74j8wsaepr.jpg,214,train
x49ako6cbn.jpg,214,train
w2p6cht3ly.jpg,214,valid
r6yhpvoqi0.jpg,214,train
lzrafugvc9.jpg,214,train
nth1fqwaob.jpg,215,train
u4stoagwp1.jpg,215,train
zpviw32thd.jpg,215,train
1suz7kac89.jpg,215,train
1jf89myh73.jpg,215,valid
mphda8uisg.jpg,215,train
h4wpfruq82.jpg,215,train
1lezfh2jgv.jpg,215,valid
vde7r4uy8g.jpg,215,train
yrqh5dvngz.jpg,215,train
c0l6gp5kan.jpg,216,train
wkin28ve6o.jpg,216,train
kol0dbpm34.jpg,216,train
ajzs6h1pn2.jpg,216,train
kcpuizryl3.jpg,216,valid
4rug69hxo1.jpg,216,train
iq9dog1skr.jpg,216,train
980xodeavj.jpg,216,valid
52vcn3os4r.jpg,216,train
ypum98e5ws.jpg,216,train
r52wvxckqn.jpg,217,train
4hmutl07s3.jpg,217,train
t3a19egwoj.jpg,217,train
id1qmeu2ks.jpg,217,train
e0xw97o18r.jpg,217,valid
y7n9rut2sc.jpg,217,train
prtfdjexg9.jpg,217,train
0whe2yom8g.jpg,217,valid
e8vxag7m2p.jpg,217,train
2b45qrx6cd.jpg,217,train
vpn29j6fq8.jpg,218,train
ktu314bvyz.jpg,218,train
rj1ehkny3c.jpg,218,train
ohv81kpimw.jpg,218,train
y8cq54wgm0.jpg,218,valid
9a4ryif2xc.jpg,218,train
nhs2oz6q7g.jpg,218,train
atvix0fwnq.jpg,218,valid
wpd8temlgf.jpg,218,train
vne5f9kldo.jpg,218,train
